‚ ,a
‚¢,i
‚¤,m a
‚¦,e
‚¨,o
‚©,k a
‚«,k' i
‚­,k M 
‚¯,k e
‚±,k o
‚³,s a
‚µ,S i
‚·,s M
‚¹,s e
‚»,s o
‚½,t a
‚¿,tS i
‚Â,ts M
‚Ä,t e
‚Æ,t o
‚È,n a
‚É,J i
‚Ê,n M
‚Ë,n e
‚Ì,n o
‚Í,h a
‚Ð,C i
‚Ó,p\ M
‚Ö,h e
‚Ù,h o
‚Ü,m a
‚Ý,m' i
‚Þ,m M
‚ß,m e
‚à,m o
‚ç,4 a
‚è,4' i
‚é,4 M
‚ê,4 e
‚ë,4 o
‚ª,g a
‚¬,g' i
‚®,g M
‚°,g e
‚²,g o
‚´,dz a
‚¶,dZ i
‚¸,dz M
‚º,dz e
‚¼,dz o
‚¾,d a
‚À,dZ i
‚Ã,dz M
‚Å,d e
‚Ç,d o
‚Î,b a
‚Ñ,b' i
‚Ô,b M
‚×,b e
‚Ú,b o
‚Ï,p a
‚Ò,p i
‚Õ,p M
‚Ø,p e
‚Û,p o
‚â,j a
‚ä,j M
‚æ,j o
‚í,w a
‚î,w i
‚ï,w e
‚ð,o
‚Ó‚Ÿ,p\ a
‚Â‚Ÿ,ts a
‚¤‚¡,w i
‚·‚¡,s i
‚¸‚¡,dz i
‚Â‚¡,ts i
‚Ä‚¡,t' i
‚Å‚¡,d' i
‚Ó‚¡,p\' i
‚Æ‚£,t M
‚Ç‚£,d M
‚¢‚¥,j e
‚¤‚¥,w e
‚«‚¥,k' e
‚µ‚¥,S e
‚¿‚¥,tS e
‚Â‚¥,ts e
‚Ä‚¥,t' e
‚É‚¥,J e
‚Ð‚¥,C e
‚Ý‚¥,m' e
‚è‚¥,4' e
‚¬‚¥,g' e
‚¶‚¥,dZ e
‚Å‚¥,d' e
‚Ñ‚¥,b' e
‚Ò‚¥,p' e
‚Ó‚¥,p\ e
‚¤‚§,w o
‚Â‚§,ts o
‚Ó‚§,p\ o
‚«‚á,k' a
‚µ‚á,S a
‚¿‚á,tS a
‚Ä‚á,t' a
‚É‚á,J a
‚Ð‚á,C a
‚Ý‚á,m' a
‚è‚á,4' a
‚¬‚á,N' a
‚¶‚á,dZ a
‚Å‚á,d' a
‚Ñ‚á,b' a
‚Ò‚á,p' a
‚Ó‚á,p\' a
‚«‚ã,k' M
‚µ‚ã,S M
‚¿‚ã,tS M
‚Ä‚ã,t' M
‚É‚ã,J M
‚Ð‚ã,C M
‚Ý‚ã,m' M
‚è‚ã,4' M
‚¬‚ã,g' M
‚¶‚ã,dZ M
‚Å‚ã,d' M
‚Ñ‚ã,b' M
‚Ò‚ã,p' M
‚Ó‚ã,p\' M
‚«‚å,k' o
‚µ‚å,S o
‚¿‚å,tS o
‚Ä‚å,t' o
‚É‚å,J o
‚Ð‚å,C o
‚Ý‚å,m' o
‚è‚å,4' o
‚¬‚å,N' o
‚¶‚å,dZ o
‚Å‚å,d' o
‚Ñ‚å,b' o
‚Ò‚å,p' o
